City Name,City ID,Country,Latitude,Longitude,Date of Data Calculation,Max Temperature (F),Humidity (%),Cloudiness (%),Wind Speed (mph)
Barcelona,3128760,ES,41.39,2.16,1593039780,75.0,83,20,4.7
Mana,3381041,GF,5.66,-53.78,1593039830,78.49,86,33,6.64
Rikitea,4030556,PF,-23.12,-134.97,1593039830,70.66,56,89,10.56
Wilmington,4499379,US,34.23,-77.94,1593039563,86.0,66,20,10.29
Puerto Ayora,3652764,EC,-0.74,-90.35,1593039830,71.01,90,48,3.0
Hilo,5855927,US,19.73,-155.09,1593039587,80.6,69,90,16.11
Bluff,2206939,NZ,-46.6,168.33,1593039830,50.07,81,59,18.77
Tuatapere,2180815,NZ,-46.13,167.68,1593039830,45.93,82,99,4.99
Atuona,4020109,PF,-9.8,-139.03,1593039830,79.32,70,30,14.23
Castro,3466704,BR,-24.79,-50.01,1593039830,56.23,89,24,4.03
Torbay,6167817,CA,47.67,-52.73,1593039830,75.2,73,40,11.41
Dunedin,2191562,NZ,-45.87,170.5,1593039785,46.99,92,99,1.01
Bredasdorp,1015776,ZA,-34.53,20.04,1593039830,51.8,100,0,3.96
Hermanus,3366880,ZA,-34.42,19.23,1593039831,59.97,58,0,5.17
Punta Arenas,3874787,CL,-53.15,-70.92,1593039831,39.2,69,75,16.11
Vestmanna,2610343,FO,62.16,-7.17,1593039831,50.0,93,78,13.87
Ushuaia,3833367,AR,-54.8,-68.3,1593039741,35.6,93,90,10.29
Isangel,2136825,VU,-19.55,169.27,1593039831,77.0,88,75,10.94
San Cristobal,3628473,VE,7.77,-72.22,1593039803,86.0,58,40,11.41
Klaksvík,2618795,FO,62.23,-6.59,1593039831,50.0,93,51,13.87
Ponta do Sol,2264557,PT,32.67,-17.1,1593039831,71.6,60,20,10.29
Malakal,370737,SS,9.53,31.66,1593039831,75.42,80,30,4.27
Hong Kong,1819729,HK,22.29,114.16,1593039600,86.0,70,100,11.01
Vung Tau,1562414,VN,10.35,107.08,1593039831,81.68,82,100,7.85
Saint-Pierre,935214,RE,-21.34,55.48,1593039831,66.2,77,2,5.82
Calama,3897347,CL,-22.47,-68.93,1593039832,59.0,13,0,19.46
Bethel,5282297,US,41.37,-73.41,1593039832,82.99,34,1,13.87
Albany,5106841,US,42.6,-73.97,1593039682,81.0,39,1,7.65
El Tigre,3641351,VE,8.89,-64.25,1593039832,82.67,60,26,9.42
Chui,3443061,UY,-33.7,-53.46,1593039711,62.78,98,100,1.88
Mataura,6201424,NZ,-46.19,168.86,1593039832,47.98,79,50,8.63
Karaidel',552862,RU,55.83,56.91,1593039832,41.74,83,82,4.59
Hay River,5972762,CA,60.82,-115.8,1593039673,71.6,40,40,8.05
Mount Gambier,2156643,AU,-37.83,140.77,1593039832,44.6,100,75,9.17
Husavik,2629833,IS,66.04,-17.34,1593039832,55.4,71,40,20.8
Ahipara,2194098,NZ,-35.17,173.17,1593039832,60.98,83,48,5.41
Vaini,4032243,TO,-21.2,-175.2,1593039832,77.0,73,75,6.93
Jamestown,5122534,US,42.1,-79.24,1593039833,68.0,45,1,17.22
Nikolskoye,546105,RU,59.7,30.79,1593039833,64.4,68,60,4.47
Mossamedes,3347019,AO,-15.2,12.15,1593039833,69.55,57,0,4.7
Talnakh,1490256,RU,69.49,88.4,1593039833,55.4,82,74,4.47
Mahébourg,934322,MU,-20.41,57.7,1593039663,71.6,83,40,9.17
Vila Franca do Campo,3372472,PT,37.72,-25.43,1593039833,62.6,72,75,5.82
Ribeira Grande,3372707,PT,38.52,-28.7,1593039833,63.43,68,0,10.58
Tasiilaq,3424607,GL,65.61,-37.64,1593039833,39.2,86,100,3.36
Iqaluit,5983720,CA,63.75,-68.51,1593039833,46.4,75,90,2.24
Kapaa,5848280,US,22.08,-159.32,1593039833,82.4,65,1,9.17
Hobart,2163355,AU,-42.88,147.33,1593039541,51.01,93,40,3.36
Sioux Lookout,6148373,CA,50.1,-91.92,1593039833,77.0,29,20,12.75
Enugu,2343279,NG,6.44,7.49,1593039834,73.94,95,100,4.36
Pevek,2122090,RU,69.7,170.31,1593039834,32.32,96,93,4.38
Vila Velha,3445026,BR,-20.33,-40.29,1593039834,71.6,78,34,6.93
Carnarvon,2074865,AU,-24.87,113.63,1593039834,51.8,100,0,6.93
Hithadhoo,1282256,MV,-0.6,73.08,1593039795,83.28,77,78,11.16
Coyhaique,3894426,CL,-45.58,-72.07,1593039834,37.4,64,20,3.36
Saldanha,3361934,ZA,-33.01,17.94,1593039834,53.6,87,0,4.7
Chapais,5919850,CA,49.78,-74.85,1593039613,71.6,56,75,25.28
Kuusamo,649924,FI,65.97,29.18,1593039593,55.4,93,78,2.24
Butaritari,2110227,KI,3.07,172.79,1593039834,83.73,77,87,12.73
East London,1006984,ZA,-33.02,27.91,1593039834,68.61,26,0,7.05
Praia da Vitória,3372760,PT,38.73,-27.07,1593039590,64.4,77,20,9.53
Ozernovskiy,2122293,RU,51.5,156.52,1593039835,51.28,82,7,7.31
Tura,1254046,IN,25.52,90.22,1593039835,74.73,96,100,5.53
Wajid,50814,SO,3.81,43.25,1593039835,74.53,72,33,18.84
Road Town,3577430,VG,18.42,-64.62,1593039609,84.2,74,40,10.29
Nísia Floresta,3393922,BR,-6.09,-35.21,1593039835,77.0,78,75,5.82
Longyearbyen,2729907,SJ,78.22,15.64,1593039690,42.8,87,90,2.24
Khatanga,2022572,RU,71.97,102.5,1593039835,75.02,46,100,8.75
Kavieng,2094342,PG,-2.57,150.8,1593039835,85.35,66,70,13.13
Riberalta,3906466,BO,-10.98,-66.1,1593039835,76.75,85,100,2.06
Mirny,2019951,RU,62.54,113.96,1593039835,60.8,93,75,4.47
Mar del Plata,3430863,AR,-38.0,-57.56,1593039788,55.0,76,93,10.29
Esperance,2071860,AU,-33.87,121.9,1593039835,42.8,87,0,8.05
Olinda,3393536,BR,-8.01,-34.86,1593039835,78.8,69,20,8.05
Provideniya,4031574,RU,64.38,-173.3,1593039836,42.8,62,75,13.42
Busselton,2075265,AU,-33.65,115.33,1593039836,51.01,71,95,7.78
Smolenka,2016405,RU,52.14,113.5,1593039836,53.6,93,40,4.47
Coquimbo,3893629,CL,-29.95,-71.34,1593039670,57.2,71,0,10.29
Kenai,5866063,US,60.55,-151.26,1593039836,59.0,76,90,9.17
Qaanaaq,3831208,GL,77.48,-69.36,1593039836,39.6,72,81,7.81
Geraldton,2070998,AU,-28.77,114.6,1593039836,53.6,71,2,10.29
Pisz,762120,PL,53.63,21.81,1593039836,61.9,95,10,5.95
Kiunga,2093846,PG,-6.12,141.29,1593039836,76.08,93,49,1.7
College,5859699,US,64.86,-147.8,1593039836,60.01,67,90,6.93
Thompson,6165406,CA,55.74,-97.86,1593039836,82.4,30,75,12.75
Jalu,86049,LY,29.03,21.55,1593039836,75.78,51,0,14.16
Pontianak,1630789,ID,-0.03,109.33,1593039836,72.66,97,100,2.73
Salinópolis,3389822,BR,-0.61,-47.36,1593039837,79.56,83,81,12.55
Sigiriya,1228051,LK,7.95,80.74,1593039837,76.6,80,77,9.24
Kloulklubed,7671223,PW,7.04,134.26,1593039837,82.4,88,75,5.82
Honningsvåg,779554,NO,70.98,25.97,1593039837,47.5,85,2,13.65
Kismayo,55671,SO,-0.36,42.55,1593039837,77.94,82,36,16.46
Cervo,3125287,ES,43.67,-7.41,1593039837,63.0,88,46,1.01
Clyde River,5924351,CA,70.47,-68.59,1593039837,46.4,70,1,13.87
Evensk,2125693,RU,61.95,159.23,1593039837,56.73,64,69,6.6
Pisco,3932145,PE,-13.7,-76.22,1593039788,64.4,82,40,9.17
Prachuap Khiri Khan,1151074,TH,11.82,99.78,1593039837,79.05,84,89,6.51
Tomatlán,3981391,MX,19.93,-105.25,1593039837,86.88,58,73,6.91
Plyussa,508743,RU,58.43,29.37,1593039837,60.87,73,24,2.84
Avarua,4035715,CK,-21.21,-159.78,1593039784,77.0,83,55,10.29
Nouadhibou,2377457,MR,20.93,-17.03,1593039581,71.6,73,0,17.22
Mogadishu,53654,SO,2.04,45.34,1593039838,77.97,86,67,13.96
Balaipungut,1650600,ID,1.05,101.28,1593039838,72.23,93,86,0.45
Senanga,898947,ZM,-16.12,23.27,1593039838,52.43,53,0,6.42
Morro Bay,5374920,US,35.37,-120.85,1593039779,82.99,86,83,5.99
Fortuna,5563839,US,40.6,-124.16,1593039838,70.0,82,1,18.34
Champerico,3598787,GT,14.3,-91.92,1593039838,87.8,66,75,11.41
Mount Isa,2065594,AU,-20.73,139.5,1593039838,53.6,40,0,1.12
Roald,3141667,NO,62.58,6.13,1593039838,62.01,72,74,12.75
Mikuni,1857260,JP,36.22,136.15,1593039838,75.2,78,75,2.24
Loreto,3998291,MX,22.27,-101.97,1593039838,79.21,28,98,16.06
Murgab,1218612,TM,37.5,61.97,1593039838,77.0,36,0,6.93
Egvekinot,4031742,RU,66.32,-179.17,1593039839,34.29,92,100,2.86
Port Blair,1259385,IN,11.67,92.75,1593039839,81.99,82,66,9.98
Saskylakh,2017155,RU,71.92,114.08,1593039839,82.31,27,1,7.14
Gunnedah,2164206,AU,-30.98,150.25,1593039839,46.4,100,90,2.75
Port Alfred,964432,ZA,-33.59,26.89,1593039839,69.01,29,0,8.99
Petropavlovsk-Kamchatskiy,2122104,RU,53.05,158.65,1593039839,69.8,56,10,6.71
Alice Springs,2077895,AU,-23.7,133.88,1593039643,33.8,69,1,5.82
Lavrentiya,4031637,RU,65.58,-171.0,1593039839,39.4,70,100,6.4
Port Elizabeth,964420,ZA,-33.92,25.57,1593039607,53.6,50,0,5.82
Timrå,2669047,SE,62.49,17.33,1593039839,63.0,100,0,3.36
Northam,2641434,GB,51.03,-4.22,1593039839,68.0,73,0,5.01
Narsaq,3421719,GL,60.92,-46.05,1593039587,46.4,75,100,3.36
Honiara,2108502,SB,-9.43,159.95,1593039839,84.2,70,20,5.82
George Town,1735106,MY,5.41,100.34,1593039719,78.8,88,20,5.82
Olafsvik,3414079,IS,64.89,-23.71,1593039840,50.05,83,11,7.78
Araouane,2460954,ML,18.9,-3.53,1593039840,91.53,8,0,2.82
Lalibela,332288,ET,12.03,39.03,1593039840,61.34,41,100,3.65
Kwang Binh,1582886,VN,17.48,106.6,1593039766,85.44,70,100,7.34
Kovdor,543508,RU,67.57,30.48,1593039840,47.86,94,84,4.79
Dikson,1507390,RU,73.51,80.55,1593039840,40.05,82,99,12.08
Kushiro,2129376,JP,42.98,144.37,1593039840,55.4,87,75,3.36
Saint-Philippe,935215,RE,-21.36,55.77,1593039840,66.2,77,39,5.82
Teguise,2510573,ES,29.06,-13.56,1593039840,71.6,68,20,14.99
Portland,5746545,US,45.52,-122.68,1593039246,78.01,57,75,3.36
Tanout,2439155,NE,14.97,8.89,1593039840,91.42,11,6,8.79
Arraial do Cabo,3471451,BR,-22.97,-42.03,1593039660,69.8,83,37,9.17
San Patricio,3985168,MX,19.22,-104.7,1593039840,86.0,74,40,9.17
Tuktoyaktuk,6170031,CA,69.45,-133.04,1593039841,44.6,79,40,9.17
Tiksi,2015306,RU,71.69,128.87,1593039841,65.93,41,12,3.4
Cape Town,3369157,ZA,-33.93,18.42,1593039782,60.01,67,1,11.41
Airai,1651810,TL,-8.93,125.41,1593039841,59.85,100,53,4.03
Norman Wells,6089245,CA,65.28,-126.83,1593039841,51.8,81,90,10.29
Mackay,2159220,AU,-21.15,149.2,1593039841,61.0,81,0,5.82
Vanavara,2013727,RU,60.34,102.28,1593039612,65.17,55,1,1.54
Cherskiy,2126199,RU,68.75,161.3,1593039841,59.65,34,61,4.61
Vestmannaeyjar,3412093,IS,63.44,-20.27,1593039562,50.9,87,39,1.7
Sur,286245,OM,22.57,59.53,1593039842,83.5,82,0,6.53
Mehamn,778707,NO,71.04,27.85,1593039842,46.51,87,19,17.76
Yeppoon,2142316,AU,-23.13,150.73,1593039842,53.6,66,0,6.53
Bonthe,2409914,SL,7.53,-12.51,1593039842,77.99,87,100,7.43
Nyimba,900056,ZM,-14.56,30.81,1593039842,64.71,60,21,6.35
Bulgan,2032201,MN,48.81,103.53,1593039842,56.23,74,0,1.81
Broken Hill,2173911,AU,-31.95,141.43,1593039842,39.2,80,0,3.36
Cairns,2172797,AU,-16.92,145.77,1593039776,72.0,68,90,10.29
Bonavista,5905393,CA,48.65,-53.11,1593039842,62.38,88,39,15.66
Zavyalovo,1505506,RU,54.51,82.45,1593039842,53.6,93,1,4.47
Gander,5959335,CA,48.97,-54.59,1593039843,78.8,57,20,14.99
New Norfolk,2155415,AU,-42.78,147.06,1593039843,51.01,94,82,2.48
Jumla,1283285,NP,29.27,82.18,1593039843,61.79,70,81,0.38
Launceston,2160517,AU,-41.45,147.17,1593039788,51.01,100,90,2.24
Hazorasp,1513957,UZ,41.32,61.07,1593039843,68.0,37,0,4.7
Progreso,3521108,MX,21.28,-89.67,1593039843,91.99,55,90,13.87
Sobolevo,525426,RU,54.43,31.9,1593039843,59.68,82,3,5.06
Pingliang,1798760,CN,35.54,106.69,1593039843,69.1,52,8,1.1
Risod,1258124,IN,19.97,76.78,1593039843,81.75,69,92,0.65
Barrow,5880054,US,71.29,-156.79,1593039843,35.6,74,40,6.93
Khovd,1516048,MN,48.01,91.64,1593039843,62.02,45,56,6.82
Tilichiki,2120591,RU,60.47,166.1,1593039843,61.97,51,31,8.63
Yellowknife,6185377,CA,62.46,-114.35,1593039686,69.01,42,75,11.41
Kieta,2094027,PG,-6.22,155.63,1593039844,84.11,64,9,6.13
Cabo San Lucas,3985710,MX,22.89,-109.91,1593039660,93.2,12,5,19.46
Mahajanga,1062663,MG,-15.72,46.32,1593039844,71.6,94,4,2.24
Bonnyville,5905616,CA,54.27,-110.73,1593039584,73.4,46,40,6.6
Upernavik,3418910,GL,72.79,-56.15,1593039844,34.9,88,38,1.19
Lagoa,3372964,PT,39.05,-27.98,1593039844,63.27,68,0,10.76
Ukiah,5404476,US,39.15,-123.21,1593039436,93.2,26,1,14.99
Guozhen,1809263,CN,34.37,107.36,1593039844,75.06,61,1,1.7
Cayenne,3382160,GF,4.93,-52.33,1593039844,78.8,100,28,6.2
Sloboda,492042,RU,51.14,40.3,1593039845,56.89,87,0,9.62
Caravelas,3466980,BR,-17.71,-39.25,1593039845,71.08,79,21,4.74
Salalah,286621,OM,17.02,54.09,1593039845,82.4,94,44,9.17
Puerto Maldonado,3931470,PE,-12.6,-69.18,1593039845,77.04,85,96,2.82
Nybro,2687902,SE,56.74,15.91,1593039845,61.0,100,0,4.18
Hasaki,2112802,JP,35.73,140.83,1593039845,64.4,100,75,12.75
Rocha,3440777,UY,-34.48,-54.33,1593039845,57.92,96,98,4.16
Mareeba,2158767,AU,-17.0,145.43,1593039845,75.0,78,10,5.01
Pundaguitan,1698289,PH,6.37,126.17,1593039845,82.87,74,100,4.63
Qiongshan,1797535,CN,20.01,110.35,1593039845,82.4,88,100,6.71
Bunia,217695,CD,1.57,30.25,1593039845,64.09,86,49,4.0
Maceió,3395981,BR,-9.67,-35.74,1593039726,73.4,94,40,2.24
Leh,1264976,IN,34.17,77.58,1593039845,54.48,42,56,6.73
Linjiang,2036069,CN,41.81,126.91,1593039846,63.41,77,85,1.97
Effium,2343985,NG,6.63,8.06,1593039846,74.77,93,100,8.25
Bengkulu,1649150,ID,-3.8,102.27,1593039846,76.71,69,98,2.26
High Rock,3572189,BS,26.62,-78.28,1593039785,86.0,84,75,3.36
Ostrovnoy,556268,RU,68.05,39.51,1593039846,42.21,86,100,3.87
Labuhan,8079926,ID,-6.88,112.21,1593039846,75.16,87,86,7.34
Tālcher,1255143,IN,20.95,85.22,1593039846,80.87,85,54,6.58
La Libertad,3655131,EC,-2.23,-80.9,1593039846,75.2,83,40,9.17
Saint-Félicien,6138201,CA,48.65,-72.45,1593039846,77.0,50,75,17.22
Nemuro,2128975,JP,43.32,145.57,1593039597,51.4,84,94,7.61
Najrān,103630,SA,17.49,44.13,1593039846,80.6,14,46,2.24
Herisau,2660365,CH,47.39,9.28,1593039847,61.0,77,0,3.36
Saint Paul Harbor,5866583,US,57.79,-152.41,1593039756,53.6,76,90,6.93
Port Hedland,2063042,AU,-20.32,118.57,1593039847,55.4,71,0,8.05
Boguchany,1509844,RU,58.38,97.45,1593039847,67.8,60,99,2.46
Shitanjing,1794971,CN,39.23,106.34,1593039847,67.91,25,6,1.52
Yar-Sale,1486321,RU,66.83,70.83,1593039583,47.52,64,42,7.47
Ponta Delgada,3372783,PT,37.73,-25.67,1593039847,62.6,72,75,5.82
Lüderitz,3355672,NA,-26.65,15.16,1593039847,62.6,33,0,4.7
Saquarema,3448011,BR,-22.92,-42.51,1593039847,69.8,83,46,9.17
Mandalgovi,2030065,MN,45.76,106.27,1593039847,55.74,69,8,17.45
Oktyabr'skoye,515805,RU,43.06,44.74,1593039847,64.4,88,37,2.24
Puerto Carreño,3671519,CO,6.19,-67.49,1593039847,87.8,58,40,2.24
Wanning,1791779,CN,18.8,110.4,1593039847,83.17,86,100,12.66
Delījān,136399,IR,33.99,50.68,1593039848,79.86,17,0,3.27
Arlit,2447513,NE,18.74,7.39,1593039848,93.7,10,16,8.68
Hambantota,1244926,LK,6.12,81.12,1593039848,79.95,80,100,15.82
Kentau,1522751,KZ,43.52,68.51,1593039848,69.24,23,0,10.47
Omboué,2396853,GA,-1.57,9.26,1593039848,72.88,83,93,6.89
Walvis Bay,3359638,NA,-22.96,14.51,1593039848,62.6,44,0,8.05
Flin Flon,5954718,CA,54.77,-101.86,1593039597,77.0,41,90,5.82
Ancud,3899695,CL,-41.87,-73.82,1593039610,43.0,93,75,2.24
Leningradskiy,2123814,RU,69.38,178.42,1593039848,34.68,85,100,14.41
Grindavik,3416888,IS,63.84,-22.43,1593039848,48.2,87,75,9.17
Fuerte Olimpo,3438102,PY,-21.04,-57.87,1593039848,85.5,41,97,11.05
Kulhudhuffushi,1337613,MV,6.62,73.07,1593039848,83.05,79,100,18.95
Kidal,2455290,ML,18.44,1.41,1593039849,88.48,19,56,2.66
Hagenow,2912481,DE,53.43,11.18,1593039849,61.0,83,46,1.99
Esim,2303611,GH,4.87,-2.24,1593039593,77.34,89,60,9.24
Roseţi,668660,RO,44.22,27.43,1593039849,73.0,64,2,1.01
Chester,5184079,US,40.13,-75.87,1593039849,80.01,44,1,8.05
Carutapera,3402648,BR,-1.2,-46.02,1593039849,77.16,87,95,7.61
Sambava,1056899,MG,-14.27,50.17,1593039849,69.94,85,6,10.92
Severo-Kuril'sk,2121385,RU,50.68,156.12,1593039849,52.45,75,8,6.89
Nefteyugansk,1497917,RU,61.1,72.6,1593039849,53.6,100,20,6.71
Ryde,2638911,GB,50.73,-1.16,1593039652,70.0,78,0,1.99
Icod de los Vinos,2516474,ES,28.37,-16.71,1593039850,73.99,82,81,1.01
Kailua,5847486,US,21.4,-157.74,1593039850,84.2,62,75,12.75
Porto Velho,3662762,BR,-8.76,-63.9,1593039579,78.8,88,100,2.24
Taltal,3870243,CL,-25.4,-70.48,1593039850,57.51,75,81,4.65
Vanimo,2084442,PG,-2.67,141.3,1593039850,81.12,76,62,6.93
Mount Vernon,5127835,US,40.91,-73.84,1593039621,84.2,34,20,12.77
Dingle,1714733,PH,11.0,122.67,1593039850,80.98,83,100,5.88
Vao,2137773,NC,-22.67,167.48,1593039850,70.38,61,21,12.62
Camacupa,3351014,AO,-12.02,17.48,1593039850,51.21,45,0,4.85
Bathsheba,3374083,BB,13.22,-59.52,1593039850,82.4,74,20,24.16
Rāmgarh,1258686,IN,23.63,85.52,1593039850,78.8,88,40,6.93
Niwāri,1261262,IN,28.88,77.53,1593039851,93.0,83,20,5.82
Namatanai,2090021,PG,-3.67,152.43,1593039571,84.52,67,55,7.14
Hirara,1862505,JP,24.8,125.28,1593039851,84.2,83,75,13.87
Taksimo,2015701,RU,56.34,114.88,1593039851,59.68,80,34,2.01
Rincon,4218882,US,32.3,-81.24,1593039571,91.4,49,75,11.41
Half Moon Bay,5354943,US,37.46,-122.43,1593039851,80.01,53,5,11.41
Sumbe,3346015,AO,-11.21,13.84,1593039846,71.01,83,2,5.28
Nantucket,4944903,US,41.28,-70.1,1593039632,71.01,93,90,12.75
Maholi,1264356,IN,27.67,80.47,1593039851,88.41,60,89,6.42
Port Hardy,6111862,CA,50.7,-127.42,1593039610,60.8,72,40,14.99
Liwale,155921,TZ,-9.77,37.93,1593039851,64.65,74,2,3.02
São João da Barra,3448903,BR,-21.64,-41.05,1593039851,71.19,82,21,12.01
Khasan,2039557,RU,42.43,130.64,1593039851,58.66,97,100,10.45
Buchanan,2278158,LR,5.88,-10.05,1593039852,77.0,94,75,6.96
Cidreira,3466165,BR,-30.18,-50.21,1593039852,68.38,72,35,6.85
Oistins,3373652,BB,13.07,-59.53,1593039572,82.4,74,20,24.16
Balkanabat,161616,TM,39.51,54.37,1593039852,89.94,13,0,16.6
Henties Bay,3356832,NA,-22.12,14.28,1593039852,61.0,61,0,5.99
Takoradze,2294915,GH,4.88,-1.76,1593039852,77.41,89,42,9.78
Mezen',527321,RU,65.85,44.24,1593039852,42.64,88,97,7.38
Ngunguru,2186111,NZ,-35.62,174.5,1593039852,55.99,98,28,3.0
Pucallpa,3693345,PE,-8.38,-74.55,1593039852,87.8,58,20,6.93
Bambanglipuro,1650434,ID,-7.95,110.28,1593039755,73.53,89,98,5.86
Zhezkazgan,1516589,KZ,47.8,67.71,1593039853,64.71,29,98,7.07
Gold Coast,2165087,AU,-28.0,153.43,1593039740,61.0,76,0,2.73
Naze,1855540,JP,28.37,129.48,1593039853,80.6,94,75,11.41
Mpongwe,905789,ZM,-13.51,28.16,1593039853,56.19,81,0,8.05
Port Macquarie,2152659,AU,-31.43,152.92,1593039853,57.0,74,1,1.01
Mineral Wells,4711647,US,32.81,-98.11,1593039853,88.0,40,1,6.93
Bambous Virieux,1106677,MU,-20.34,57.76,1593039853,71.6,83,40,9.17
Ocampo,3994535,MX,21.65,-101.5,1593039853,73.74,36,99,17.65
Revelstoke,6121621,CA,50.98,-118.2,1593039853,64.4,88,75,2.24
Kutum,371745,SD,14.2,24.67,1593039853,74.34,48,43,7.94
Korla,1529376,CN,41.76,86.15,1593039853,74.7,24,16,19.82
Cartagena,3687238,CO,10.4,-75.51,1593039853,91.4,63,40,6.93
Saint George,5546220,US,37.1,-113.58,1593039678,105.01,7,1,11.41
Lázaro Cárdenas,4026082,MX,17.96,-102.2,1593039556,82.45,77,9,15.08
Te Anau,2181625,NZ,-45.42,167.72,1593039854,41.23,81,63,0.98
Ridgecrest,5387494,US,35.62,-117.67,1593039854,105.8,8,75,6.93
Mumford,2297810,GH,5.26,-0.76,1593039854,77.88,88,50,10.13
Ballina,2177069,AU,-28.87,153.57,1593039821,55.99,76,0,1.12
Iquique,3887127,CL,-20.22,-70.14,1593039716,62.6,67,75,12.75
Kasongo-Lunda,2315026,CD,-6.47,16.82,1593039854,71.82,41,11,0.25
Westport,4845585,US,41.14,-73.36,1593039854,84.2,32,1,9.17
Tazovsky,1489853,RU,67.47,78.7,1593039854,47.19,88,37,3.76
Gospić,3199873,HR,44.55,15.37,1593039854,60.8,77,0,1.12
Antofagasta,3899539,CL,-23.65,-70.4,1593039755,59.0,82,90,8.05
Dwārka,1272140,IN,22.24,68.97,1593039854,85.68,78,45,10.09
Killybegs,2963295,IE,54.63,-8.45,1593039855,52.0,94,86,1.01
Barra de Tecoanapa,3516171,MX,16.52,-98.75,1593039855,79.61,76,100,5.21
Kaeo,2189343,NZ,-35.1,173.78,1593039855,55.99,3,9,2.06
Kinshasa,2314302,CD,-4.32,15.32,1593039753,73.4,88,75,5.82
Chicama,3698359,PE,-7.84,-79.15,1593039855,66.13,74,72,7.9
São Filipe,3374210,CV,14.9,-24.5,1593039855,75.94,83,26,5.73
Lere,2332079,NG,10.39,8.57,1593039855,73.78,79,76,5.48
Los Llanos de Aridane,2514651,ES,28.66,-17.92,1593039596,71.6,73,40,20.8
Souillac,933995,MU,-20.52,57.52,1593039855,71.6,83,40,9.17
Katsuura,2112309,JP,35.13,140.3,1593039855,68.0,100,75,3.36
Bosaso,64013,SO,11.28,49.18,1593039692,89.42,51,16,5.77
Andenes,3163146,NO,69.31,16.12,1593039784,51.8,87,90,5.82
Jerécuaro,4004026,MX,20.15,-100.52,1593039856,75.2,53,75,3.36
Lucknow,1264733,IN,26.85,80.92,1593039603,82.4,94,75,5.26
Angoche,1052944,MZ,-16.23,39.91,1593039725,72.64,82,13,11.5
Abhā,110690,SA,18.22,42.51,1593039809,71.6,46,43,6.71
Constitución,3893726,CL,-35.33,-72.42,1593039856,49.75,80,94,8.05
Sørland,3137469,NO,67.67,12.69,1593039856,55.85,87,100,15.93
Bandarbeyla,64814,SO,9.49,50.81,1593039856,81.75,67,0,24.49
Vachi,539511,RU,42.07,47.22,1593039856,53.04,64,2,4.74
Kushālgarh,1265452,IN,23.2,74.45,1593039856,82.18,75,95,9.78
Oktyabr'skiy,515879,RU,54.48,53.47,1593039856,45.95,91,8,6.13
Djibouti,223816,DJ,11.5,42.5,1593039725,93.2,32,1,3.11
Mineros,3910343,BO,-17.12,-63.23,1593039857,75.2,88,75,13.87
Bani Walid,2218840,LY,31.76,13.99,1593039857,69.12,71,0,5.37
Chokurdakh,2126123,RU,70.63,147.92,1593039857,74.97,32,32,7.27
Ketchikan,5554428,US,55.34,-131.65,1593039847,62.6,59,75,12.75
Nanortalik,3421765,GL,60.14,-45.24,1593039857,43.97,76,100,4.14
Lebu,3883457,CL,-37.62,-73.65,1593039857,47.84,81,3,5.14
Tutóia,3385899,BR,-2.76,-42.27,1593039857,77.83,84,72,6.82
Hamilton,4513583,US,39.18,-84.53,1593039828,78.8,44,20,8.05
Marabá,3395503,BR,-5.37,-49.12,1593039731,80.6,78,20,1.59
Camopi,3382226,GF,3.17,-52.32,1593039857,74.41,96,61,2.3
Faya,110690,SA,18.39,42.45,1593039857,71.6,46,44,4.59
Taoudenni,2450173,ML,22.68,-3.98,1593039574,98.08,9,0,14.85
Curup,1645875,ID,-3.47,102.53,1593039857,68.14,80,86,3.53
Leer,371466,SS,8.3,30.14,1593039858,74.1,78,38,4.03
Río Gallegos,3838859,AR,-51.62,-69.22,1593039858,35.6,78,20,11.41
Viet Tri,1562820,VN,21.3,105.43,1593039703,84.2,83,100,6.93
Marawi,1701054,PH,8.0,124.29,1593039858,78.01,89,99,5.99
Son La,1567681,VN,21.32,103.9,1593039858,73.2,85,99,1.72
Areosa,2742765,PT,41.72,-8.86,1593039858,64.99,93,75,4.7
Srednekolymsk,2121025,RU,67.45,153.68,1593039858,75.16,29,53,5.08
Hecun,1808747,CN,36.53,114.11,1593039858,74.46,66,14,0.85
Pinyug,509451,RU,60.25,47.78,1593039858,36.37,92,14,4.14
Menzel Salem,2469252,TN,35.86,8.48,1593039858,78.8,26,20,2.24
Hualmay,3939761,PE,-11.1,-77.61,1593039858,62.71,83,42,9.86
Puertollano,2512177,ES,38.69,-4.11,1593039858,78.01,36,1,5.1
Yangi Marg`ilon,1513491,UZ,40.43,71.72,1593039859,71.6,35,0,6.93
Yuxia,1785572,CN,34.06,108.63,1593039859,77.0,64,0,4.47
Mbour,2248477,SN,14.42,-16.96,1593039859,80.6,83,20,10.29
Anori,3665315,BR,-3.77,-61.64,1593039859,79.83,76,54,2.1
Asău,686090,RO,46.43,26.4,1593039859,61.0,93,4,3.36
Khonsa,1266668,IN,27.02,95.57,1593039859,69.73,96,100,2.84
Del Rio,5520076,US,29.36,-100.9,1593039859,100.4,17,20,3.36
Astoria,5711847,US,46.19,-123.83,1593039717,66.0,82,90,14.99
Edineţ,617076,MD,48.17,27.3,1593039859,63.0,82,23,7.58
Altayskoye,1511736,RU,51.95,85.33,1593039859,59.25,87,100,4.94
Capreol,5959803,CA,46.71,-80.92,1593039662,55.4,100,90,12.75
Simões,3387625,BR,-7.6,-40.82,1593039860,72.39,61,21,9.37
Mayo,4362001,US,38.89,-76.51,1593039860,84.99,37,1,4.7
Karratha,6620339,AU,-20.74,116.85,1593039612,66.42,59,0,8.05
Aripuanã,3665202,BR,-9.17,-60.63,1593039640,78.24,59,1,0.43
Soyo,2236967,AO,-6.13,12.37,1593039860,73.42,85,24,6.17
Tautira,4033557,PF,-17.73,-149.15,1593039860,80.6,83,75,10.29
Saint-Louis,2246451,SN,16.33,-15.0,1593039860,87.13,43,46,14.29
Kendari,1640344,ID,-3.94,122.5,1593039860,74.39,94,100,4.68
Alofi,4036284,NU,-19.06,-169.92,1593039860,80.6,74,75,8.05
Parabel',1495586,RU,58.7,81.48,1593039860,53.76,85,96,2.8
Berlevåg,780687,NO,70.86,29.09,1593039860,46.69,84,39,14.5
Novobirilyussy,1508260,RU,56.95,90.67,1593039860,60.98,93,91,3.67
Laas,3175096,IT,46.62,10.7,1593039860,59.0,82,5,1.12
Ilulissat,3423146,GL,69.22,-51.1,1593039861,41.0,80,23,5.82
Tawang Town,1254832,IN,27.58,91.87,1593039861,56.95,79,91,1.57
Ileza,829291,RU,61.05,43.9,1593039861,41.23,82,70,2.04
Luleå,604490,SE,65.58,22.15,1593039861,66.2,55,95,4.7
Kruisfontein,986717,ZA,-34.0,24.73,1593039861,60.62,31,0,8.66
Lukovetskiy,533418,RU,64.3,41.92,1593039861,44.6,87,20,0.81
Hohhot,2036892,CN,40.81,111.65,1593039861,55.4,76,0,4.47
Saint-François,2980080,FR,46.42,3.91,1593039861,72.0,68,1,2.24
Assiut,359783,EG,27.18,31.18,1593039861,80.6,34,0,20.8
Santa Isabel,3450188,BR,-23.32,-46.22,1593039653,69.8,77,55,2.84
Brandfort,1015969,ZA,-28.7,26.46,1593039861,30.2,74,0,4.7
Longkou,1802550,CN,37.65,120.33,1593039861,68.76,81,7,11.43
Odienné,2283016,CI,9.51,-7.57,1593039726,75.97,75,52,3.65
Tarazona,3108308,ES,41.9,-1.73,1593039862,75.2,47,99,6.93
Sitka,5557293,US,57.05,-135.33,1593039591,53.6,71,90,5.82
Muros,3115824,ES,42.78,-9.06,1593039862,64.0,81,68,3.0
Fredericton,5957776,CA,45.95,-66.67,1593039862,73.4,83,40,13.87
Opoczno,763111,PL,51.38,20.28,1593039862,61.0,90,58,2.42
Kaitangata,2208248,NZ,-46.28,169.85,1593039862,48.99,92,95,8.01
Hunsūr,1269873,IN,12.31,76.29,1593039862,69.64,92,100,1.72
Anloga,2304548,GH,5.79,0.9,1593039862,80.6,83,20,11.41
Santa Cruz de Barahona,3492985,DO,18.21,-71.1,1593039862,83.7,69,44,9.69
Caledon,3369179,ZA,-34.23,19.43,1593039862,54.0,47,0,4.23
Ivanovka,1528252,KG,42.89,75.08,1593039862,57.2,76,0,6.71
Prince George,6113365,CA,53.92,-122.75,1593039606,73.99,46,40,10.29
Estación Coahuila,3979494,MX,32.19,-115.0,1593039863,109.4,12,40,10.29
Muisne,3653967,EC,0.6,-80.03,1593039863,75.67,86,79,11.88
Buarcos,2741961,PT,40.17,-8.88,1593039863,62.6,88,90,12.75
Xai-Xai,1024552,MZ,-25.05,33.64,1593039863,65.19,83,25,5.01
Charters Towers,2171722,AU,-20.1,146.27,1593039863,60.89,62,0,2.51
San Luis,3837056,AR,-33.3,-66.34,1593039863,39.88,70,47,6.69
Giohar,56335,SO,2.78,45.5,1593039620,75.25,87,93,9.42
Jasper,4392354,US,37.2,-94.35,1593039863,87.8,35,20,2.86
Sassandra,2281951,CI,4.95,-6.08,1593039665,76.78,88,87,6.31
Kholbon,2022394,RU,51.88,116.25,1593039863,65.5,54,26,1.61
Haines Junction,5969025,CA,60.75,-137.51,1593039863,56.82,38,64,11.99
Nome,5870133,US,64.5,-165.41,1593039863,48.0,56,90,8.05
Lepa,1706836,PH,15.88,120.45,1593039864,80.53,84,94,6.62
Nador,2541479,MA,35.17,-2.93,1593039864,73.4,83,90,5.82
Ayan,2027316,RU,56.45,138.17,1593039864,44.47,92,100,2.24
Longido,155848,TZ,-2.73,36.68,1593039864,61.83,84,5,11.12
Padang,1633419,ID,-0.95,100.35,1593039864,78.67,58,96,5.12
Barentu,342711,ER,15.11,37.59,1593039864,81.25,39,89,7.81
Necochea,3430443,AR,-38.55,-58.74,1593039863,46.99,92,100,4.0
Kavaratti,1267390,IN,10.57,72.64,1593039864,83.03,76,99,11.83
Beringovskiy,2126710,RU,63.05,179.32,1593039864,41.34,91,99,9.4
New Port Richey,4165869,US,28.24,-82.72,1593039742,89.01,67,55,1.01
Lompoc,5367788,US,34.64,-120.46,1593039573,69.8,64,94,16.11
Valley,5611156,US,45.13,-116.13,1593039864,78.8,24,90,10.29
Beloha,1067565,MG,-25.17,45.05,1593039864,62.28,94,1,8.59
San Policarpo,1688696,PH,12.18,125.51,1593039865,83.55,77,100,7.58
Diplo,1179758,PK,24.47,69.58,1593039865,86.38,73,87,14.14
The Pas,6164499,CA,53.83,-101.25,1593039865,77.0,38,90,13.87
Newport,2641598,GB,51.59,-3.0,1593039865,71.01,74,0,6.87
Campoverde,3733380,PE,-8.48,-74.81,1593039865,87.8,58,20,6.93
Kambove,923058,CD,-10.88,26.6,1593039865,54.63,55,0,3.8
Saint Anthony,5044290,US,45.02,-93.22,1593039865,79.0,36,75,8.05
Katobu,1640972,ID,-4.94,122.53,1593039865,74.86,89,67,1.83
Kirillov,548478,RU,59.86,38.38,1593039865,54.39,64,69,3.42
Dergachi,566456,RU,51.23,48.77,1593039865,59.99,94,100,6.4
Kemin,1528606,KG,42.78,75.69,1593039865,58.98,43,0,5.23
Tessalit,2449893,ML,20.2,1.01,1593039865,93.99,15,68,4.18
Noumea,2139521,NC,-22.28,166.46,1593039866,71.01,68,59,3.36
São Miguel do Araguaia,3448455,BR,-13.28,-50.16,1593039866,75.78,59,40,1.41
Panzhihua,6929460,CN,26.59,101.71,1593039866,72.5,78,81,0.89
Raudeberg,3146487,NO,61.99,5.14,1593039866,64.0,62,63,16.26
Ningxiang,1784239,CN,37.34,111.21,1593039866,68.22,54,0,2.44
Qui Nhon,1568574,VN,13.77,109.23,1593039810,80.46,84,42,4.54
Tambura,366444,SS,5.6,27.47,1593039866,68.9,88,66,2.73
Lorengau,2092164,PG,-2.02,147.27,1593039866,84.02,78,3,11.14
Along,1278969,IN,28.17,94.77,1593039866,74.01,90,100,1.21
Kokopo,2093685,PG,-4.35,152.26,1593039567,84.11,69,2,12.68
Aztec,5456049,US,36.82,-107.99,1593039866,96.8,5,1,10.29
Binga,895057,ZW,-17.62,27.34,1593039866,58.55,61,16,1.45
Waingapu,1622318,ID,-9.66,120.26,1593039867,74.66,83,95,8.52
Castlegar,5918118,CA,49.3,-117.67,1593039764,73.0,70,45,7.27
Atbasar,1526038,KZ,51.8,68.33,1593039867,62.87,51,99,9.44
Salé,2537763,MA,34.04,-6.82,1593039705,71.01,77,75,9.17
Mitsamiouli,921786,KM,-11.38,43.28,1593039867,78.84,76,0,11.59
Kodumudi,1266387,IN,11.08,77.88,1593039867,79.68,73,95,6.13
Cienfuegos,3564124,CU,22.15,-80.44,1593039867,93.2,63,0,5.82
Khandwa,1267031,IN,21.83,76.33,1593039867,81.9,74,78,4.65
Acapulco de Juárez,3533462,MX,16.86,-99.89,1593039734,87.8,58,90,9.17
Manika,1701674,PH,11.39,122.28,1593039867,78.93,81,100,2.06
Tūkrah,88834,LY,32.53,20.58,1593039867,70.21,80,1,6.02
Waipawa,2206874,NZ,-41.41,175.52,1593039740,53.01,74,100,4.0
Tombouctou,2449066,ML,20.0,-3.0,1593039868,90.63,8,0,4.9
Pathalgaon,1260141,IN,22.57,83.47,1593039868,79.09,71,69,2.8
Kahului,5847411,US,20.89,-156.47,1593039868,87.8,55,40,18.34
Port Said,358619,EG,31.26,32.28,1593039868,73.4,83,0,10.29
Atar,2381334,MR,20.52,-13.05,1593039868,98.71,16,79,2.21
Kolokani,2454955,ML,13.57,-8.03,1593039868,88.74,35,73,17.22
Iida,1861864,JP,35.52,137.82,1593039681,68.0,100,94,2.53
Swan River,6160362,CA,52.11,-101.27,1593039826,75.16,73,65,10.22
Aljezur,2271968,PT,37.32,-8.8,1593039868,73.0,80,1,11.83
Margate,2643044,GB,51.38,1.39,1593039868,66.99,72,0,5.01
Moerai,4034188,PF,-22.43,-151.33,1593039868,75.29,85,14,19.77
Ballarat,2177091,AU,-37.57,143.85,1593039868,46.0,95,70,7.02
Normandin,6089179,CA,48.83,-72.53,1593039869,77.0,50,75,17.22
Wairoa,2206808,NZ,-39.03,177.37,1593039869,55.99,78,100,8.99
Ada,5583739,US,43.42,-116.13,1593039869,95.0,24,1,10.29
Bergen,3161733,NO,60.39,5.33,1593039869,63.0,77,15,11.41
Pangkalanbuun,1632694,ID,-2.68,111.62,1593039740,72.52,98,100,2.08
Brownsville,4676740,US,25.9,-97.5,1593039869,95.0,59,1,18.34
San Matías,3444105,BO,-16.37,-58.4,1593039869,82.69,43,30,7.58
Valdivia,3868707,CL,-39.81,-73.25,1593039869,41.0,100,3,2.24
Brunswick,5148480,US,41.24,-81.84,1593039869,73.4,49,40,11.41
Basco,1726449,PH,20.45,121.97,1593039869,84.6,76,89,8.12
Yārāda,1252783,IN,17.65,83.27,1593039870,82.4,94,20,2.24
North Bend,5742974,US,43.41,-124.22,1593039846,68.0,82,20,12.75
Marzuq,72181,YE,14.4,46.47,1593039870,81.61,34,85,4.63
Pūrna,1259177,IN,19.18,77.05,1593039870,83.79,69,86,1.41
Alappuzha,1278985,IN,9.49,76.33,1593039617,77.81,89,98,7.16
Meulaboh,1214488,ID,4.14,96.13,1593039870,77.43,77,83,3.44
Touros,3386213,BR,-5.2,-35.46,1593039870,77.0,78,75,5.82
Panguna,2088659,PG,-6.32,155.48,1593039870,78.93,64,0,2.64
Barguzin,2027109,RU,53.62,109.62,1593039672,66.31,57,0,2.08
Dickinson,4686163,US,29.46,-95.05,1593039867,86.0,66,20,8.05
Bariloche,7647007,AR,-41.15,-71.31,1593039763,35.6,64,75,8.05
Baoying,1816890,CN,33.23,119.31,1593039870,73.08,82,34,5.3
Nelidovo,522775,RU,56.22,32.78,1593039871,58.23,88,3,1.48
Poum,2138555,NC,-20.23,164.02,1593039871,71.94,64,8,11.59
Nichlaul,1261451,IN,27.32,83.73,1593039871,82.31,76,76,6.62
San Andrés,3670218,CO,12.58,-81.7,1593039871,86.0,74,90,11.41
Lata,2738381,PT,40.16,-8.33,1593039871,64.99,93,35,5.01
Saltpond,2295672,GH,5.21,-1.06,1593039596,77.63,88,50,9.35
Rawson,3839307,AR,-43.3,-65.1,1593039834,42.01,59,18,9.66
Verkh-Usugli,2013459,RU,52.7,115.17,1593039871,56.08,81,99,0.98
Lenoir,4475647,US,35.23,-77.65,1593039871,87.01,48,1,4.7
Port Augusta,2063056,AU,-32.5,137.77,1593039871,44.01,87,0,10.29
Digby,5939236,CA,44.62,-65.77,1593039871,81.0,72,11,4.0
Mbaïki,2384770,CF,3.87,17.99,1593039871,70.5,94,100,3.85
Mbini,2308278,GQ,1.57,9.61,1593039871,78.8,100,40,9.17
Edd,338345,ER,13.93,41.69,1593039872,87.46,63,75,6.2
Hobyo,57000,SO,5.35,48.53,1593039872,79.66,72,0,21.34
Vizinga,473263,RU,61.07,50.1,1593039872,37.04,93,44,5.73
Griffith,4920986,US,41.53,-87.42,1593039809,79.0,57,1,3.36
Qasigiannguit,3420768,GL,68.82,-51.19,1593039872,41.0,80,16,5.82
Iralaya,3608828,HN,15.0,-83.23,1593039592,87.8,70,40,11.41
Pinar del Río,3544091,CU,22.42,-83.7,1593039893,87.62,67,75,5.79
Chegutu,894239,ZW,-18.13,30.14,1593039893,56.64,72,95,6.55
Alcúdia,2522091,ES,39.85,3.12,1593039893,75.2,53,0,6.93
Finschhafen,2097418,PG,-6.6,147.87,1593039893,81.57,76,48,10.49
Lomovka,534313,RU,53.92,58.37,1593039893,53.6,81,20,4.47
Urmia,121801,IR,37.55,45.08,1593039893,66.47,26,0,4.03
Guerrero Negro,4021858,MX,27.98,-114.06,1593039894,72.66,59,8,16.71
Kupang,2057087,ID,-10.17,123.58,1593039894,73.4,88,20,4.7
Quatre Cocos,1106643,MU,-20.21,57.76,1593039894,71.6,83,40,9.17
Ushtobe,1517637,KZ,45.25,77.98,1593039894,61.68,51,2,4.83
Abaza,1512205,RU,52.66,90.09,1593039894,55.71,84,100,4.16
Rio Pardo de Minas,3451100,BR,-15.61,-42.54,1593039894,60.98,79,3,5.61
Bintulu,1737486,MY,3.17,113.03,1593039608,77.0,94,40,8.48
Zvishavane,878549,ZW,-20.33,30.07,1593039894,54.66,76,90,1.66
San Juan,3837213,AR,-31.54,-68.54,1593039636,44.96,77,100,8.19
Palmer,4946620,US,42.16,-72.33,1593039895,86.0,30,40,12.75
Aloleng,1731298,PH,16.13,119.78,1593039895,83.16,78,100,5.53
Shingū,1847947,JP,33.73,135.98,1593039895,71.6,100,75,2.24
Coruripe,3465329,BR,-10.13,-36.18,1593039895,75.47,84,19,9.1
Dicabisagan,1715015,PH,17.08,122.42,1593039895,82.24,77,74,6.71
Nagato,1899102,JP,34.38,131.2,1593039895,71.6,100,75,8.05
Almaznyy,582447,RU,48.04,40.05,1593039895,60.8,77,13,4.47
Okhotsk,2122605,RU,59.38,143.3,1593039859,46.99,86,100,7.78
Ankazoabo,1072879,MG,-22.28,44.52,1593039895,63.1,75,0,8.66
Gbadolite,216404,CD,4.28,21.02,1593039895,71.53,91,99,0.76
Bilma,2446796,NE,18.69,12.92,1593039895,91.17,11,0,7.47
Orkney,967476,ZA,-26.98,26.67,1593039895,48.87,45,0,3.44
Andalan,1957875,PH,5.96,121.39,1593039895,80.15,81,96,2.8
Metro,1635283,ID,-5.11,105.31,1593039896,72.61,92,80,3.98
Hofn,2630299,IS,64.25,-15.21,1593039784,50.29,90,96,4.72
El Rodeo,3596249,GT,14.92,-91.97,1593039896,89.6,59,40,11.41
Vostok,2013279,RU,46.49,135.88,1593039896,52.47,100,100,2.93
Taos,5493811,US,36.41,-105.57,1593039896,86.0,19,1,8.05
Willowmore,939676,ZA,-33.29,23.49,1593039896,53.92,38,0,11.43
Saint-Marc,3717588,HT,19.11,-72.69,1593039896,83.75,74,13,5.77
Bubaque,2374583,GW,11.28,-15.83,1593039896,82.62,82,100,11.83
Simbahan,1695180,PH,6.3,120.58,1593039896,83.16,72,94,4.12
Jinchang,1805733,CN,38.5,102.17,1593039896,70.41,20,82,3.71
Tessaoua,2438823,NE,13.76,7.99,1593039896,94.75,19,19,5.03
Pangnirtung,6096551,CA,66.15,-65.71,1593039897,39.2,93,75,6.93
Biankouma,2291666,CI,7.74,-7.61,1593039897,69.58,96,73,2.57
